player,year
Terry Bradshaw,1974
Joe Gilliam,1974
Terry Hanratty,1974
Rocky Bleier,1974
Steve Davis,1974
Franco Harris,1974
Preston Pearson,1974
Frank Lewis,1974
Ronnie Shanklin,1974
Larry Brown,1974
John McMakin,1974
Jim Clack,1974
Sam Davis,1974
Gordon Gravelle,1974
Jon Kolb,1974
Ray Mansfield,1974
Gerry Mullins,1974
Steve Furness,1974
Joe Greene,1974
L. C. Greenwood,1974
Ernie Holmes,1974
Dwight White,1974
Ed Bradley,1974
Jack Ham,1974
Andy Russell,1974
Loren Toews,1974
Mel Blount ,1974
Glen Edwards,1974
J. T. Thomas,1974
Mike Wagner,1974
Roy Gerela,1974
Bobby Walden,1974
Henry Davis,1974
John Fuqua,1974
Byron Leftwich,2008
Ben Roethlisberger,2008
Carey Davis,2008
Mewelde Moore,2008
Willie Parker,2008
Gary Russell,2008
Santonio Holmes,2008
Hines Ward,2008
Nate Washington,2008
Sean McHugh,2008
Heath Miller,2008
Matt Spaeth,2008
Jason Capizzi,2008
Willie Colon,2008
Trai Essex,2008
Justin Hartwig,2008
Chris Kemoeatu,2008
Jeremy Parquet,2008
Darnell Stapleton,2008
Max Starks,2008
Nick Eason,2008
Casey Hampton,2008
Chris Hoke,2008
Brett Keisel,2008
Travis Kirschke,2008
Scott Paxson,2008
Orpheus Roye,2008
Aaron Smith,2008
James Farrior,2008
Larry Foote,2008
Keyaron Fox,2008
Andre Frazier,2008
James Harrison,2008
Lawrence Timmons,2008
LaMarr Woodley,2008
Fernando Bryant,2008
Tyrone Carter,2008
Ryan Clark,2008
William Gay,2008
Anthony Madison,2008
Bryant McFadden,2008
Troy Polamalu,2008
Anthony Smith,2008
Ike Taylor,2008
Deshea Townsend,2008
Mitch Berger,2008
Jeff Reed,2008
Dallas Baker,2008
Ryan Mundy,2008
Martin Nance,2008
Justin Vincent,2008
Charlie Batch,2008
Jonathan Dekker,2008
Arnold Harrison,2008
Mike Humpal,2008
Daniel Sepulveda,2008
Kendall Simmons,2008
Marvel Smith,2008
Greg Warren,2008
Charlie Batch,2005
Tommy Maddox,2005
Ben Roethlisberger,2005
Jerome Bettis,2005
Verron Haynes,2005
Dan Kreider,2005
Willie Parker,2005
Duce Staley,2005
Sean Morey,2005
Quincy Morgan,2005
Antwaan Randle El,2005
Hines Ward,2005
Cedrick Wilson,2005
Jerame Tuman,2005
Barrett Brooks,2005
Alan Faneca,2005
Jeff Hartings,2005
Chukky Okobi,2005
Kendall Simmons,2005
Marvel Smith,2005
Max Starks,2005
Casey Hampton,2005
Chris Hoke,2005
Brett Keisel,2005
Travis Kirschke,2005
Aaron Smith,2005
Kimo von Oelhoffen,2005
James Farrior,2005
Larry Foote,2005
James Harrison,2005
Clark Haggans,2005
Clint Kriewaldt,2005
Joey Porter,2005
Tyrone Carter,2005
Ricardo Colclough,2005
Chris Hope,2005
Chidi Iwuoma,2005
Mike Logan,2005
Troy Polamalu,2005
Ike Taylor,2005
Deshea Townsend,2005
Willie Williams,2005
Chris Gardocki,2005
Jeff Reed,2005
Ulish Booker,2005
Erik Jensen,2005
Rod Rutherford,2005
Richard Seigler,2005
Walter Young,2005
Russell Stuvaints,2005
Terry Bradshaw,1979
Mike Kruczek,1979
Cliff Stoudt,1979
Rocky Bleier,1979
Franco Harris,1979
Rick Moser,1979
Sidney Thornton,1979
Theo Bell,1979
Jim Smith,1979
John Stallworth,1979
Lynn Swann,1979
Bennie Cunningham,1979
Randy Grossman,1979
Larry Brown,1979
Steve Courson,1979
Sam Davis,1979
Thom Dornbrook,1979
Jon Kolb,1979
Gerry Mullins,1979
Ted Petersen,1979
Mike Webster,1979
John Banaszak,1979
Tom Beasley,1979
Gary Dunn,1979
Steve Furness,1979
Joe Greene,1979
L. C. Greenwood,1979
Dwight White,1979
Robin Cole,1979
Jack Ham,1979
Jack Lambert,1979
Loren Toews,1979
Dennis Winston,1979
Larry Anderson,1979
Mel Blount,1979
Ron Johnson,1979
Donnie Shell,1979
J. T. Thomas,1979
Craig Colquitt,1979
Fred Anderson,1979
Willie Fry,1979
Ray Pinney,1979
Mike Wagner,1979
Terry Bradshaw,1978
Mike Kruczek,1978
Cliff Stoudt,1978
Rocky Bleier,1978
Jack Deloplaine,1978
Franco Harris,1978
Sidney Thornton,1978
Theo Bell,1978
Jim Smith,1978
John Stallworth,1978
Lynn Swann,1978
Bennie Cunningham,1978
Randy Grossman,1978
Jim Mandich,1978
Larry Brown,1978
Steve Courson,1978
Sam Davis,1978
Jon Kolb,1978
Gerry Mullins,1978
Ted Petersen,1978
Ray Pinney,1978
Mike Webster,1978
John Banaszak,1978
Tom Beasley,1978
Gary Dunn,1978
Steve Furness,1978
Joe Greene,1978
L. C. Greenwood,1978
Dwight White,1978
Robin Cole,1978
Jack Ham,1978
Jack Lambert,1978
Loren Toews,1978
Dennis Winston,1978
Mel Blount,1978
Tony Dungy,1978
Ray Oldham,1978
Donnie Shell,1978
Mike Wagner,1978
Roy Gerela,1978
Thom Dornbrook,1978
J. T. Thomas,1978
Terry Bradshaw,1975
Joe Gilliam,1975
Terry Hanratty,1975
Rocky Bleier,1975
John Fuqua,1975
Franco Harris,1975
Reggie Harrison,1975
Reggie Garrett,1975
Frank Lewis,1975
John Stallworth,1975
Lynn Swann,1975
Larry Brown,1975
Randy Grossman,1975
Jim Clack,1975
Sam Davis,1975
Gordon Gravelle,1975
Jon Kolb,1975
Ray Mansfield,1975
Gerry Mullins,1975
Dave Reavis,1975
Mike Webster,1975
Steve Furness,1975
Joe Greene,1975
L. C. Greenwood,1975
Ernie Holmes,1975
Dwight White,1975
Ed Bradley,1975
Jack Ham,1975
Marv Kellum,1975
Jack Lambert,1975
Andy Russell,1975
Loren Toews,1975
Jimmy Allen,1975
Mel Blount,1975
Glen Edwards,1975
Donnie Shell,1975
J. T. Thomas,1975
Mike Wagner,1975
Roy Gerela,1975
Bobby Walden,1975
